First Name,Last Name,GPA,Science Score,Previous Science Teacher,Science Teacher Feedback
Jasper,Smith,3.0,82,Ms. Thompson,Needs to participate more in class discussions
Liam,Johnson,2.75,88,Dr. Martinez,Very creative in assignments
Olivia,Williams,3.0,90,Ms. Thompson,Demonstrates strong analytical skills
Noah,Brown,3.0,89,Ms. Thompson,Shows exceptional understanding of concepts
Ava,Jones,3.0,93,Mr. Anderson,Has shown significant improvement
William,Garcia,2.5,79,Mr. Anderson,Should seek help when confused
Sophia,Miller,2.0,65,Mr. Anderson,Struggles with complex concepts
James,Davis,2.5,89,Mr. Anderson,Shows exceptional understanding of concepts
Isabella,Rodriguez,2.0,71,Dr. Martinez,Would benefit from additional practice
Benjamin,Martinez,2.0,73,Mr. Anderson,Should focus more on homework completion
Mia,Hernandez,3.0,88,Ms. Thompson,Very attentive and focused in class
Jacob,Lopez,2.0,65,Dr. Martinez,Should review material more thoroughly
Charlotte,Gonzalez,2.5,72,Ms. Thompson,Could improve organization skills
Michael,Wilson,2.25,88,Ms. Thompson,Strong leadership qualities
Amelia,Anderson,2.25,75,Ms. Thompson,Would benefit from additional practice
Ethan,Thomas,2.0,81,Mr. Anderson,Attendance could be more consistent
Harper,Taylor,2.5,72,Mr. Anderson,Attendance could be more consistent
Daniel,Moore,3.5,99,Dr. Martinez,Consistently participates in class discussions
Evelyn,Jackson,3.25,99,Dr. Martinez,Excellent work ethic and dedication
Matthew,Martin,3.75,97,Mr. Anderson,Outstanding problem-solving abilities
Abigail,Lee,2.25,69,Ms. Thompson,Should focus more on homework completion
Henry,Perez,3.5,92,Dr. Martinez,Strong leadership qualities
Emily,Thompson,2.75,71,Mr. Anderson,Should focus more on homework completion
Alexander,White,2.75,73,Mr. Anderson,Should review material more thoroughly
Elizabeth,Harris,2.5,72,Mr. Anderson,Needs to participate more in class discussions
David,Sanchez,1.75,76,Ms. Thompson,Attendance could be more consistent
Sofia,Clark,3.0,98,Mr. Anderson,Shows exceptional understanding of concepts
Joseph,Ramirez,3.0,97,Mr. Anderson,Very attentive and focused in class
Madison,Lewis,2.75,87,Mr. Anderson,Excellent work ethic and dedication
Samuel,Robinson,3.25,88,Mr. Anderson,Outstanding problem-solving abilities
