First Name,Last Name,GPA,Math Score,Previous Math Teacher,Math Teacher Feedback
Jasper,Smith,3.0,93,Mr. Williams,Has shown significant improvement
Liam,Johnson,2.75,79,Mr. Williams,Attendance could be more consistent
Olivia,Williams,3.0,72,Ms. Johnson,Could improve organization skills
Noah,Brown,3.0,85,Mr. Williams,Always goes beyond expectations
Ava,Jones,3.0,83,Ms. Johnson,Needs to participate more in class discussions
William,Garcia,2.5,87,Ms. Johnson,Always goes beyond expectations
Sophia,Miller,2.0,75,Mr. Williams,Needs to improve time management
James,Davis,2.5,75,Mr. Williams,Needs to participate more in class discussions
Isabella,Rodriguez,2.0,88,Mr. Williams,Always goes beyond expectations
Benjamin,Martinez,2.0,88,Dr. Brown,Has shown significant improvement
Mia,Hernandez,3.0,67,Mr. Williams,Could improve organization skills
Jacob,Lopez,2.0,86,Dr. Brown,Always goes beyond expectations
Charlotte,Gonzalez,2.5,66,Ms. Johnson,Needs to improve time management
Michael,Wilson,2.25,88,Dr. Brown,Demonstrates strong analytical skills
Amelia,Anderson,2.25,94,Mr. Williams,Very attentive and focused in class
Ethan,Thomas,2.0,66,Ms. Johnson,Would benefit from additional practice
Harper,Taylor,2.5,85,Ms. Johnson,Very attentive and focused in class
Daniel,Moore,3.5,97,Ms. Johnson,Consistently participates in class discussions
Evelyn,Jackson,3.25,76,Dr. Brown,Should focus more on homework completion
Matthew,Martin,3.75,86,Mr. Williams,Consistently participates in class discussions
Abigail,Lee,2.25,89,Ms. Johnson,Excellent work ethic and dedication
Henry,Perez,3.5,91,Ms. Johnson,Demonstrates strong analytical skills
Emily,Thompson,2.75,92,Ms. Johnson,Very attentive and focused in class
Alexander,White,2.75,80,Dr. Brown,Needs to improve time management
Elizabeth,Harris,2.5,79,Dr. Brown,Needs to participate more in class discussions
David,Sanchez,1.75,67,Mr. Williams,Needs to improve time management
Sofia,Clark,3.0,71,Dr. Brown,Needs to participate more in class discussions
Joseph,Ramirez,3.0,85,Ms. Johnson,Very creative in assignments
Madison,Lewis,2.75,73,Mr. Williams,Needs to improve time management
Samuel,Robinson,3.25,82,Ms. Johnson,Attendance could be more consistent
