Student ID,First Name,Last Name,GPA,Math Score,Previous Math Teacher,Math Teacher Feedback,English Score,Previous English Teacher,English Teacher Feedback,Science Score,Previous Science Teacher,Science Teacher Feedback,History Score,Previous History Teacher,History Teacher Feedback,Attendance Rate
STU1000,Emma,Smith,3.0,93,Mr. Williams,Has shown significant improvement,68,Dr. Garcia,Attendance could be more consistent,82,Ms. Thompson,Needs to participate more in class discussions,99,Ms. Taylor,Strong leadership qualities,0.96
STU1001,Liam,Johnson,2.75,79,Mr. Williams,Attendance could be more consistent,89,Mr. Wilson,Outstanding problem-solving abilities,88,Dr. Martinez,Very creative in assignments,86,Ms. Taylor,Outstanding problem-solving abilities,0.87
STU1002,Olivia,Williams,3.0,72,Ms. Johnson,Could improve organization skills,78,Ms. Davis,Would benefit from additional practice,90,Ms. Thompson,Demonstrates strong analytical skills,91,Mr. Jackson,Strong leadership qualities,0.83
STU1003,Noah,Brown,3.0,85,Mr. Williams,Always goes beyond expectations,73,Mr. Wilson,Needs to participate more in class discussions,89,Ms. Thompson,Shows exceptional understanding of concepts,99,Dr. Moore,Demonstrates strong analytical skills,0.9
STU1004,Ava,Jones,3.0,83,Ms. Johnson,Needs to participate more in class discussions,90,Mr. Wilson,Shows exceptional understanding of concepts,93,Mr. Anderson,Has shown significant improvement,65,Ms. Taylor,Should focus more on homework completion,0.95
STU1005,William,Garcia,2.5,87,Ms. Johnson,Always goes beyond expectations,66,Ms. Davis,Would benefit from additional practice,79,Mr. Anderson,Should seek help when confused,99,Mr. Jackson,Very attentive and focused in class,0.84
STU1006,Sophia,Miller,2.0,75,Mr. Williams,Needs to improve time management,84,Dr. Garcia,Could improve organization skills,65,Mr. Anderson,Struggles with complex concepts,78,Ms. Taylor,Attendance could be more consistent,0.92
STU1007,James,Davis,2.5,75,Mr. Williams,Needs to participate more in class discussions,92,Dr. Garcia,Outstanding problem-solving abilities,89,Mr. Anderson,Shows exceptional understanding of concepts,67,Ms. Taylor,Should review material more thoroughly,0.82
STU1008,Isabella,Rodriguez,2.0,88,Mr. Williams,Always goes beyond expectations,71,Ms. Davis,Could improve organization skills,71,Dr. Martinez,Would benefit from additional practice,65,Dr. Moore,Struggles with complex concepts,0.81
STU1009,Benjamin,Martinez,2.0,88,Dr. Brown,Has shown significant improvement,72,Dr. Garcia,Could improve organization skills,73,Mr. Anderson,Should focus more on homework completion,69,Mr. Jackson,Needs to focus more during lessons,0.91
STU1010,Mia,Hernandez,3.0,67,Mr. Williams,Could improve organization skills,99,Ms. Davis,Excellent work ethic and dedication,88,Ms. Thompson,Very attentive and focused in class,90,Mr. Jackson,Has shown significant improvement,0.91
STU1011,Jacob,Lopez,2.0,86,Dr. Brown,Always goes beyond expectations,78,Ms. Davis,Would benefit from additional practice,65,Dr. Martinez,Should review material more thoroughly,78,Dr. Moore,Needs to improve time management,0.93
STU1012,Charlotte,Gonzalez,2.5,66,Ms. Johnson,Needs to improve time management,81,Mr. Wilson,Could improve organization skills,72,Ms. Thompson,Could improve organization skills,91,Dr. Moore,Shows exceptional understanding of concepts,0.95
STU1013,Michael,Wilson,2.25,88,Dr. Brown,Demonstrates strong analytical skills,68,Ms. Davis,Attendance could be more consistent,88,Ms. Thompson,Strong leadership qualities,73,Mr. Jackson,Attendance could be more consistent,1.0
STU1014,Amelia,Anderson,2.25,94,Mr. Williams,Very attentive and focused in class,66,Mr. Wilson,Should focus more on homework completion,75,Ms. Thompson,Would benefit from additional practice,79,Mr. Jackson,Would benefit from additional practice,0.9
STU1015,Ethan,Thomas,2.0,66,Ms. Johnson,Would benefit from additional practice,70,Dr. Garcia,Should seek help when confused,81,Mr. Anderson,Attendance could be more consistent,79,Dr. Moore,Struggles with complex concepts,0.86
STU1016,Harper,Taylor,2.5,85,Ms. Johnson,Very attentive and focused in class,68,Dr. Garcia,Needs to participate more in class discussions,72,Mr. Anderson,Attendance could be more consistent,90,Ms. Taylor,Consistently participates in class discussions,0.96
STU1017,Daniel,Moore,3.5,97,Ms. Johnson,Consistently participates in class discussions,93,Dr. Garcia,Shows exceptional understanding of concepts,99,Dr. Martinez,Consistently participates in class discussions,77,Ms. Taylor,Should focus more on homework completion,0.85
STU1018,Evelyn,Jackson,3.25,76,Dr. Brown,Should focus more on homework completion,82,Dr. Garcia,Should seek help when confused,99,Dr. Martinez,Excellent work ethic and dedication,96,Dr. Moore,Outstanding problem-solving abilities,0.89
STU1019,Matthew,Martin,3.75,86,Mr. Williams,Consistently participates in class discussions,90,Mr. Wilson,Demonstrates strong analytical skills,97,Mr. Anderson,Outstanding problem-solving abilities,96,Ms. Taylor,Excellent work ethic and dedication,0.82
STU1020,Abigail,Lee,2.25,89,Ms. Johnson,Excellent work ethic and dedication,98,Dr. Garcia,Has shown significant improvement,69,Ms. Thompson,Should focus more on homework completion,68,Dr. Moore,Would benefit from additional practice,0.81
STU1021,Henry,Perez,3.5,91,Ms. Johnson,Demonstrates strong analytical skills,74,Ms. Davis,Would benefit from additional practice,92,Dr. Martinez,Strong leadership qualities,94,Ms. Taylor,Very attentive and focused in class,0.99
STU1022,Emily,Thompson,2.75,92,Ms. Johnson,Very attentive and focused in class,78,Ms. Davis,Needs to participate more in class discussions,71,Mr. Anderson,Should focus more on homework completion,87,Ms. Taylor,Strong leadership qualities,0.97
STU1023,Alexander,White,2.75,80,Dr. Brown,Needs to improve time management,95,Ms. Davis,Shows exceptional understanding of concepts,73,Mr. Anderson,Should review material more thoroughly,79,Mr. Jackson,Could improve organization skills,0.94
STU1024,Elizabeth,Harris,2.5,79,Dr. Brown,Needs to participate more in class discussions,79,Mr. Wilson,Should seek help when confused,72,Mr. Anderson,Needs to participate more in class discussions,93,Mr. Jackson,Strong leadership qualities,0.88
STU1025,David,Sanchez,1.75,67,Mr. Williams,Needs to improve time management,72,Dr. Garcia,Could improve organization skills,76,Ms. Thompson,Attendance could be more consistent,77,Ms. Taylor,Should review material more thoroughly,0.83
STU1026,Sofia,Clark,3.0,71,Dr. Brown,Needs to participate more in class discussions,78,Dr. Garcia,Would benefit from additional practice,98,Mr. Anderson,Shows exceptional understanding of concepts,96,Ms. Taylor,Excellent work ethic and dedication,0.83
STU1027,Joseph,Ramirez,3.0,85,Ms. Johnson,Very creative in assignments,87,Dr. Garcia,Very attentive and focused in class,97,Mr. Anderson,Very attentive and focused in class,71,Mr. Jackson,Needs to participate more in class discussions,0.85
STU1028,Madison,Lewis,2.75,73,Mr. Williams,Needs to improve time management,85,Mr. Wilson,Very creative in assignments,87,Mr. Anderson,Excellent work ethic and dedication,86,Mr. Jackson,Has shown significant improvement,0.91
STU1029,Samuel,Robinson,3.25,82,Ms. Johnson,Attendance could be more consistent,80,Ms. Davis,Attendance could be more consistent,88,Mr. Anderson,Outstanding problem-solving abilities,92,Mr. Jackson,Strong leadership qualities,0.94
