First Name,Last Name,GPA,History Score,Previous History Teacher,History Teacher Feedback
Jasper,Smith,3.0,99,Ms. Taylor,Strong leadership qualities
Liam,Johnson,2.75,86,Ms. Taylor,Outstanding problem-solving abilities
Olivia,Williams,3.0,91,Mr. Jackson,Strong leadership qualities
Noah,Brown,3.0,99,Dr. Moore,Demonstrates strong analytical skills
Ava,Jones,3.0,65,Ms. Taylor,Should focus more on homework completion
William,Garcia,2.5,99,Mr. Jackson,Very attentive and focused in class
Sophia,Miller,2.0,78,Ms. Taylor,Attendance could be more consistent
James,Davis,2.5,67,Ms. Taylor,Should review material more thoroughly
Isabella,Rodriguez,2.0,65,Dr. Moore,Struggles with complex concepts
Benjamin,Martinez,2.0,69,Mr. Jackson,Needs to focus more during lessons
Mia,Hernandez,3.0,90,Mr. Jackson,Has shown significant improvement
Jacob,Lopez,2.0,78,Dr. Moore,Needs to improve time management
Charlotte,Gonzalez,2.5,91,Dr. Moore,Shows exceptional understanding of concepts
Michael,Wilson,2.25,73,Mr. Jackson,Attendance could be more consistent
Amelia,Anderson,2.25,79,Mr. Jackson,Would benefit from additional practice
Ethan,Thomas,2.0,79,Dr. Moore,Struggles with complex concepts
Harper,Taylor,2.5,90,Ms. Taylor,Consistently participates in class discussions
Daniel,Moore,3.5,77,Ms. Taylor,Should focus more on homework completion
Evelyn,Jackson,3.25,96,Dr. Moore,Outstanding problem-solving abilities
Matthew,Martin,3.75,96,Ms. Taylor,Excellent work ethic and dedication
Abigail,Lee,2.25,68,Dr. Moore,Would benefit from additional practice
Henry,Perez,3.5,94,Ms. Taylor,Very attentive and focused in class
Emily,Thompson,2.75,87,Ms. Taylor,Strong leadership qualities
Alexander,White,2.75,79,Mr. Jackson,Could improve organization skills
Elizabeth,Harris,2.5,93,Mr. Jackson,Strong leadership qualities
David,Sanchez,1.75,77,Ms. Taylor,Should review material more thoroughly
Sofia,Clark,3.0,96,Ms. Taylor,Excellent work ethic and dedication
Joseph,Ramirez,3.0,71,Mr. Jackson,Needs to participate more in class discussions
Madison,Lewis,2.75,86,Mr. Jackson,Has shown significant improvement
Samuel,Robinson,3.25,92,Mr. Jackson,Strong leadership qualities
